K,OOV,S1,S2,S3,S4,S5,S6
1,위드코로나,0.188477,-0.25977,0.198242,-0.0918,-0.03784,0.0421
2,乌克兰战争,0.038086,-0.22656,0.339844,-0.02637,-0.07715,-0.0342
3,コロナ,-0.26172,-0.06079,-0.3418,-0.25977,0.188477,0.02188
4,防疫,0.020752,0.188477,-0.01355,-0.05518,0.3125,0.5142
