K,word,S1,S2,S3,S4,S5
1,단계일상회복,0.18847656,-0.25976562,0.19824219,-0.091796875,-0.037841797
2,백신패스,0.038085938,-0.2265625,0.33984375,-0.026367188,-0.07714844
3,段階的日常回復,-0.26171875,-0.060791016,-0.34179688,-0.25976562,0.18847656
4,防疫,0.020751953,0.18847656,-0.013549805,-0.05517578,0.3125
5.
6.
7.
